tool_version	2017.4
model7020_user_confirmed	true
actual_vcco_measured	false
default_vcco_source	official core-board 2V5 schematic page 7; BANK13 default 3.3V
board_ready	false
bitstream_generated	false
board_tested	false
step	copying_complete
part	xc7z020clg400-2
top_black_boxes_before	2
black_box_before	system_i/processing_system7_0|system_processing_system7_0_0
black_box_before	system_i/rst_ps7_0_100M|system_rst_ps7_0_100M_0
ps_checkpoint_stitched	true
reset_checkpoint_stitched	true
top_black_boxes_after	0
pin_U5_NAME	U5
pin_U5_BANK	13
pin_U5_PIN_FUNC	IO_L19N_T3_VREF_13
pin_U5_IS_BONDED	1
pin_U5_IS_GENERAL_PURPOSE	1
pin_T5_NAME	T5
pin_T5_BANK	13
pin_T5_PIN_FUNC	IO_L19P_T3_13
pin_T5_IS_BONDED	1
pin_T5_IS_GENERAL_PURPOSE	1
port_COMM_UART1_rxd_DIRECTION	IN
port_COMM_UART1_rxd_PACKAGE_PIN	U5
port_COMM_UART1_rxd_IOSTANDARD	LVCMOS33
port_COMM_UART1_txd_DIRECTION	OUT
port_COMM_UART1_txd_PACKAGE_PIN	T5
port_COMM_UART1_txd_IOSTANDARD	LVCMOS33
step	constraints_loaded
step	opt_completed
step	place_completed
step	route_completed
clocks	
drc_violation_count	0
drc_blocking_count	0
passed	true
step	reports_completed
